-- Zadanie 1:
DROP TABLE IF EXISTS `etaty`;
CREATE TABLE etaty (
    NAZWA VARCHAR(10) PRIMARY KEY,
    PLACA_OD DECIMAL(6,2),
    PLACA_DO DECIMAL(6,2)
);

-- Zadanie 3:
INSERT INTO `etaty` (`NAZWA`, `PLACA_OD`, `PLACA_DO`) VALUES
('PROFESOR', 3000.00, 4000.00),
('ADIUNKT', 2510.00, 3000.00),
('ASYSTENT', 1500.00, 2100.00),
('DOKTORANT', 800.00, 1000.00),
('SEKRETARKA', 1470.00, 1650.00),
('DYREKTOR', 4280.00, 5100.00);

-- Zadanie 5:
DROP TABLE IF EXISTS `zespoly`;
CREATE TABLE zespoly (
    ID_ZESP SMALLINT(6) PRIMARY KEY,
    NAZWA VARCHAR(20),
    ADRES VARCHAR(50)
);

-- Zadanie 6:
INSERT INTO `zespoly` (`ID_ZESP`, `NAZWA`, `ADRES`) VALUES
(10, 'ADMINISTRACJA', 'PIOTROWO 2'),
(20, 'SYSTEMY ROZPROSZONE', 'PIOTROWO 3A'),
(30, 'SYSTEMY EKSPERCKIE', 'STRZELECKA 14'),
(40, 'ALGORYTMY', 'WIENIAWSKIEGO 16'),
(50, 'BADANIA OPERACYJNE', 'MIELZYNSKIEGO 30');

-- Zadanie 7:
DROP TABLE IF EXISTS `pracownicy`;
CREATE TABLE `pracownicy` (
`ID_PRAC` SMALLINT(6),
`NAZWISKO` VARCHAR(30) NOT NULL,
`IMIE` VARCHAR(15) NULL,
`ETAT` VARCHAR(10) NULL,
`ID_SZEFA` SMALLINT(6),
`ZATRUDNIONY` DATE DEFAULT NULL,
`PLACA_POD` DECIMAL(6,2) DEFAULT NULL,
`PLACA_DOD` DECIMAL(6,2) DEFAULT NULL,
`ID_ZESP` SMALLINT(6) DEFAULT NULL,
PRIMARY KEY (ID_PRAC),
FOREIGN KEY (ID_SZEFA) REFERENCES pracownicy(ID_PRAC),
FOREIGN KEY (ID_ZESP) REFERENCES zespoly(ID_ZESP)
) ENGINE=MyISAM;

INSERT INTO `pracownicy` VALUES
(100, 'Marecki', 'Jan', 'DYREKTOR', NULL, '1968-01-01', 4730.00, 980.50, 10),
(110, 'Janicki', 'Karol', 'PROFESOR', 100, '1973-05-01', 3350.00, 610.00, 40),
(120, 'Nowicki', 'Pawel', 'PROFESOR', 100, '1977-09-01', 3070.00, NULL, 30),
(130, 'Nowak', 'Piotr', 'PROFESOR', 100, '1968-07-01', 3960.00, NULL, 20),
(140, 'Kowalski', 'Adam', 'PROFESOR', 130, '1975-09-15', 3230.00, 805.00, 20),
(150, 'Grzybowska', 'Maria', 'ADIUNKT', 130, '1977-09-01', 2845.50, NULL, 20),
(160, 'Krakowska', 'Anna', 'SEKRETARKA', 130, '1985-03-01', 1590.00, NULL, 20),
(170, 'Opolski', 'Roman', 'ASYSTENT', 130, '1992-10-01', 1839.70, 480.50, 20),
(190, 'Kotarski', 'Konrad', 'ASYSTENT', 140, '1993-09-01', 1971.00, NULL, 20),
(180, 'Makowski', 'Marek', 'ADIUNKT', 100, '1985-02-20', 2610.20, NULL, 10),
(200, 'Przywarek', 'Leon', 'DOKTORANT', 140, '1994-07-15', 900.00, NULL, 30),
(210, 'Kotlarczyk', 'Jan', 'DOKTORANT', 130, '1993-10-15', 900.00, 570.60, 30),
(220, 'Siekierski', 'Jacek', 'ASYSTENT', 110, '1993-10-01', 1889.00, NULL, 20),
(230, 'Dolny', 'Tomasz', 'ASYSTENT', 120, '1992-09-01', 1850.00, 390.00, NULL);

